Measurment,Belief (open)
open,0.9549474124849563
open,0.9977791716170917
open,0.999895003397541
open,0.9999950459660426
